Kanji,Reading,API Call,Meanings
会う,あう,https://jisho.org/api/v1/search/words?keyword=会う,['to meet']
青,あお,https://jisho.org/api/v1/search/words?keyword=青,['blue']
青い,あおい,https://jisho.org/api/v1/search/words?keyword=青い,['blue']
赤,あか,https://jisho.org/api/v1/search/words?keyword=赤,['red']
赤い,あかい,https://jisho.org/api/v1/search/words?keyword=赤い,['red']
明い,あかるい,https://jisho.org/api/v1/search/words?keyword=明い,['bright']
秋,あき,https://jisho.org/api/v1/search/words?keyword=秋,['autumn']
開く,あく,https://jisho.org/api/v1/search/words?keyword=開く,"['to open', 'to become open']"
開ける,あける,https://jisho.org/api/v1/search/words?keyword=開ける,['to open']
上げる,あげる,https://jisho.org/api/v1/search/words?keyword=上げる,['to give']
朝,あさ,https://jisho.org/api/v1/search/words?keyword=朝,['morning']
朝御飯,あさごはん,https://jisho.org/api/v1/search/words?keyword=朝御飯,['breakfast']
あさって,あさって,https://jisho.org/api/v1/search/words?keyword=あさって,['day after tomorrow']
足,あし,https://jisho.org/api/v1/search/words?keyword=足,"['foot', 'leg']"
明日,あした,https://jisho.org/api/v1/search/words?keyword=明日,['tomorrow']
あそこ,あそこ,https://jisho.org/api/v1/search/words?keyword=あそこ,['over there']
遊ぶ,あそぶ,https://jisho.org/api/v1/search/words?keyword=遊ぶ,"['to play', 'to make a visit']"
暖かい,あたたかい,https://jisho.org/api/v1/search/words?keyword=暖かい,['warm']
頭,あたま,https://jisho.org/api/v1/search/words?keyword=頭,['head']
新しい,あたらしい,https://jisho.org/api/v1/search/words?keyword=新しい,['new']
あちら,あちら,https://jisho.org/api/v1/search/words?keyword=あちら,['there']
暑い,あつい,https://jisho.org/api/v1/search/words?keyword=暑い,['hot']
熱い,あつい,https://jisho.org/api/v1/search/words?keyword=熱い,['hot to the touch']
厚い,あつい,https://jisho.org/api/v1/search/words?keyword=厚い,"['kind', 'deep', 'thick']"
あっち,あっち,https://jisho.org/api/v1/search/words?keyword=あっち,['over there']
後,あと,https://jisho.org/api/v1/search/words?keyword=後,['afterwards']
あなた,あなた,https://jisho.org/api/v1/search/words?keyword=あなた,['you']
兄,あに,https://jisho.org/api/v1/search/words?keyword=兄,['older brother']
姉,あね,https://jisho.org/api/v1/search/words?keyword=姉,['older sister']
あの,あの,https://jisho.org/api/v1/search/words?keyword=あの,['that over there']
あの,あの,https://jisho.org/api/v1/search/words?keyword=あの,['um...']
アパート,アパート,https://jisho.org/api/v1/search/words?keyword=アパート,['apartment']
あびる,あびる,https://jisho.org/api/v1/search/words?keyword=あびる,"['to bathe', 'to shower']"
危ない,あぶない,https://jisho.org/api/v1/search/words?keyword=危ない,['dangerous']
甘い,あまい,https://jisho.org/api/v1/search/words?keyword=甘い,['sweet']
あまり,あまり,https://jisho.org/api/v1/search/words?keyword=あまり,['not very']
雨,あめ,https://jisho.org/api/v1/search/words?keyword=雨,['rain']
飴,あめ,https://jisho.org/api/v1/search/words?keyword=飴,['candy']
洗う,あらう,https://jisho.org/api/v1/search/words?keyword=洗う,['to wash']
ある,ある,https://jisho.org/api/v1/search/words?keyword=ある,"['to be', 'to have']"
歩く,あるく,https://jisho.org/api/v1/search/words?keyword=歩く,['to walk']
あれ,あれ,https://jisho.org/api/v1/search/words?keyword=あれ,['that']
いい,いい,https://jisho.org/api/v1/search/words?keyword=いい,['good']
いいえ,いいえ,https://jisho.org/api/v1/search/words?keyword=いいえ,['no']
言う,いう,https://jisho.org/api/v1/search/words?keyword=言う,['to say']
家,いえ,https://jisho.org/api/v1/search/words?keyword=家,['house']
いかが,いかが,https://jisho.org/api/v1/search/words?keyword=いかが,['how']
行く,いく,https://jisho.org/api/v1/search/words?keyword=行く,['to go']
いくつ,いくつ,https://jisho.org/api/v1/search/words?keyword=いくつ,"['how many?', 'how old?']"
いくら,いくら,https://jisho.org/api/v1/search/words?keyword=いくら,['how much?']
池,いけ,https://jisho.org/api/v1/search/words?keyword=池,['pond']
医者,いしゃ,https://jisho.org/api/v1/search/words?keyword=医者,['medical doctor']
いす,いす,https://jisho.org/api/v1/search/words?keyword=いす,['chair']
忙しい,いそがしい,https://jisho.org/api/v1/search/words?keyword=忙しい,"['busy', 'irritated']"
痛い,いたい,https://jisho.org/api/v1/search/words?keyword=痛い,['painful']
一,いち,https://jisho.org/api/v1/search/words?keyword=一,['one']
一日,いちにち,https://jisho.org/api/v1/search/words?keyword=一日,['first of the month']
いちばん,いちばん,https://jisho.org/api/v1/search/words?keyword=いちばん,"['best', 'first']"
いつ,いつ,https://jisho.org/api/v1/search/words?keyword=いつ,['when']
五日,いつか,https://jisho.org/api/v1/search/words?keyword=五日,"['five days', 'fifth day']"
一緒,いっしょ,https://jisho.org/api/v1/search/words?keyword=一緒,['together']
五つ,いつつ,https://jisho.org/api/v1/search/words?keyword=五つ,['five']
いつも,いつも,https://jisho.org/api/v1/search/words?keyword=いつも,['always']
犬,いぬ,https://jisho.org/api/v1/search/words?keyword=犬,['dog']
今,いま,https://jisho.org/api/v1/search/words?keyword=今,['now']
意味,いみ,https://jisho.org/api/v1/search/words?keyword=意味,['meaning']
妹,いもうと,https://jisho.org/api/v1/search/words?keyword=妹,['younger sister']
嫌,いや,https://jisho.org/api/v1/search/words?keyword=嫌,['unpleasant']
入口,いりぐち,https://jisho.org/api/v1/search/words?keyword=入口,['entrance']
居る,いる,https://jisho.org/api/v1/search/words?keyword=居る,"['to be', 'to have']"
要る,いる,https://jisho.org/api/v1/search/words?keyword=要る,['to need']
入れる,いれる,https://jisho.org/api/v1/search/words?keyword=入れる,['to put in']
色,いろ,https://jisho.org/api/v1/search/words?keyword=色,['colour']
いろいろ,いろいろ,https://jisho.org/api/v1/search/words?keyword=いろいろ,['various']
上,うえ,https://jisho.org/api/v1/search/words?keyword=上,['on top of']
後ろ,うしろ,https://jisho.org/api/v1/search/words?keyword=後ろ,['behind']
薄い,うすい,https://jisho.org/api/v1/search/words?keyword=薄い,"['thin', 'weak']"
歌,うた,https://jisho.org/api/v1/search/words?keyword=歌,['song']
歌う,うたう,https://jisho.org/api/v1/search/words?keyword=歌う,['to sing']
生まれる,うまれる,https://jisho.org/api/v1/search/words?keyword=生まれる,['to be born']
海,うみ,https://jisho.org/api/v1/search/words?keyword=海,['sea']
売る,うる,https://jisho.org/api/v1/search/words?keyword=売る,['to sell']
煩い,うるさい,https://jisho.org/api/v1/search/words?keyword=煩い,"['noisy', 'annoying']"
上着,うわぎ,https://jisho.org/api/v1/search/words?keyword=上着,['jacket']
絵,え,https://jisho.org/api/v1/search/words?keyword=絵,['picture']
映画,えいが,https://jisho.org/api/v1/search/words?keyword=映画,['movie']
映画館,えいがかん,https://jisho.org/api/v1/search/words?keyword=映画館,['cinema']
英語,えいご,https://jisho.org/api/v1/search/words?keyword=英語,['English language']
ええ,ええ,https://jisho.org/api/v1/search/words?keyword=ええ,['yes']
駅,えき,https://jisho.org/api/v1/search/words?keyword=駅,['station']
エレベーター,エレベーター,https://jisho.org/api/v1/search/words?keyword=エレベーター,['elevator']
鉛筆,えんぴつ,https://jisho.org/api/v1/search/words?keyword=鉛筆,['pencil']
おいしい,おいしい,https://jisho.org/api/v1/search/words?keyword=おいしい,['delicious']
多い,おおい,https://jisho.org/api/v1/search/words?keyword=多い,['many']
大きい,おおきい,https://jisho.org/api/v1/search/words?keyword=大きい,['big']
大きな,おおきな,https://jisho.org/api/v1/search/words?keyword=大きな,['big']
大勢,おおぜい,https://jisho.org/api/v1/search/words?keyword=大勢,['great number of people']
お母さん,おかあさん,https://jisho.org/api/v1/search/words?keyword=お母さん,['mother']
お菓子,おかし,https://jisho.org/api/v1/search/words?keyword=お菓子,"['sweets', 'candy']"
お金,おかね,https://jisho.org/api/v1/search/words?keyword=お金,['money']
起きる,おきる,https://jisho.org/api/v1/search/words?keyword=起きる,['to get up']
置く,おく,https://jisho.org/api/v1/search/words?keyword=置く,['to put']
奥さん,おくさん,https://jisho.org/api/v1/search/words?keyword=奥さん,['wife']
お酒,おさけ,https://jisho.org/api/v1/search/words?keyword=お酒,"['alcohol', 'rice wine']"
お皿,おさら,https://jisho.org/api/v1/search/words?keyword=お皿,"['plate', 'dish']"
祖父さん,おじいさん,https://jisho.org/api/v1/search/words?keyword=祖父さん,"['grandfather', 'male senior citizen']"
教える,おしえる,https://jisho.org/api/v1/search/words?keyword=教える,"['to teach', 'to tell']"
伯父　おじ,伯父　おじ,https://jisho.org/api/v1/search/words?keyword=伯父　おじ,"['uncle', 'middle aged gentleman']"
叔父,おじ,https://jisho.org/api/v1/search/words?keyword=叔父,"['uncle', 'middle aged gentleman']"
押す,おす,https://jisho.org/api/v1/search/words?keyword=押す,"['to push', 'to stamp something']"
遅い,おそい,https://jisho.org/api/v1/search/words?keyword=遅い,"['late', 'slow']"
お茶,おちゃ,https://jisho.org/api/v1/search/words?keyword=お茶,['green tea']
お手洗い,おてあらい,https://jisho.org/api/v1/search/words?keyword=お手洗い,['bathroom']
お父さん,おとうさん,https://jisho.org/api/v1/search/words?keyword=お父さん,['father']
弟,おとうと,https://jisho.org/api/v1/search/words?keyword=弟,['younger brother']
男,おとこ,https://jisho.org/api/v1/search/words?keyword=男,['Man']
男の子,おとこのこ,https://jisho.org/api/v1/search/words?keyword=男の子,['Boy']
一昨日,おととい,https://jisho.org/api/v1/search/words?keyword=一昨日,['day before yesterday']
一昨年,おととし,https://jisho.org/api/v1/search/words?keyword=一昨年,['year before last']
大人,おとな,https://jisho.org/api/v1/search/words?keyword=大人,['Adult']
おなか,おなか,https://jisho.org/api/v1/search/words?keyword=おなか,['stomach']
同じ,おなじ,https://jisho.org/api/v1/search/words?keyword=同じ,['same']
お兄さん,おにいさん,https://jisho.org/api/v1/search/words?keyword=お兄さん,['older brother']
お姉さん,おねえさん,https://jisho.org/api/v1/search/words?keyword=お姉さん,['older sister']
おばあさん,おばあさん,https://jisho.org/api/v1/search/words?keyword=おばあさん,"['grandmother', 'female senior-citizen']"
伯母さん,おばさん,https://jisho.org/api/v1/search/words?keyword=伯母さん,['Aunt']
叔母さん,おばさん,https://jisho.org/api/v1/search/words?keyword=叔母さん,['Aunt']
お風呂,おふろ,https://jisho.org/api/v1/search/words?keyword=お風呂,['Bath']
お弁当,おべんとう,https://jisho.org/api/v1/search/words?keyword=お弁当,['boxed lunch']
覚える,おぼえる,https://jisho.org/api/v1/search/words?keyword=覚える,['to remember']
おまわりさん,おまわりさん,https://jisho.org/api/v1/search/words?keyword=おまわりさん,['friendly term for policeman']
重い,おもい,https://jisho.org/api/v1/search/words?keyword=重い,['Heavy']
おもしろい,おもしろい,https://jisho.org/api/v1/search/words?keyword=おもしろい,['Interesting']
泳ぐ,およぐ,https://jisho.org/api/v1/search/words?keyword=泳ぐ,['to swim']
降りる,おりる,https://jisho.org/api/v1/search/words?keyword=降りる,"['to get off', 'to descend']"
終る,おわる,https://jisho.org/api/v1/search/words?keyword=終る,['to finish']
音楽,おんがく,https://jisho.org/api/v1/search/words?keyword=音楽,['Music']
女,おんな,https://jisho.org/api/v1/search/words?keyword=女,['Woman']
女の子,おんなのこ,https://jisho.org/api/v1/search/words?keyword=女の子,['Girl']
外国,がいこく,https://jisho.org/api/v1/search/words?keyword=外国,['foreign country']
外国人,がいこくじん,https://jisho.org/api/v1/search/words?keyword=外国人,['Foreigner']
会社,かいしゃ,https://jisho.org/api/v1/search/words?keyword=会社,['Company']
階段,かいだん,https://jisho.org/api/v1/search/words?keyword=階段,['Stairs']
買い物,かいもの,https://jisho.org/api/v1/search/words?keyword=買い物,['Shopping']
買う,かう,https://jisho.org/api/v1/search/words?keyword=買う,['to buy']
返す,かえす,https://jisho.org/api/v1/search/words?keyword=返す,['to return something']
帰る,かえる,https://jisho.org/api/v1/search/words?keyword=帰る,['to go back']
かかる,かかる,https://jisho.org/api/v1/search/words?keyword=かかる,['to take time or money']
かぎ,かぎ,https://jisho.org/api/v1/search/words?keyword=かぎ,['Key']
書く,かく,https://jisho.org/api/v1/search/words?keyword=書く,['to write']
学生,がくせい,https://jisho.org/api/v1/search/words?keyword=学生,['Student']
かける,かける,https://jisho.org/api/v1/search/words?keyword=かける,['to call by phone']
傘,かさ,https://jisho.org/api/v1/search/words?keyword=傘,['Umbrella']
貸す,かす,https://jisho.org/api/v1/search/words?keyword=貸す,['to lend']
風,かぜ,https://jisho.org/api/v1/search/words?keyword=風,['Wind']
風邪,かぜ,https://jisho.org/api/v1/search/words?keyword=風邪,['a cold']
家族,かぞく,https://jisho.org/api/v1/search/words?keyword=家族,['Family']
方,かた,https://jisho.org/api/v1/search/words?keyword=方,"['person', 'way of doing']"
学校,がっこう,https://jisho.org/api/v1/search/words?keyword=学校,['School']
カップ,カップ,https://jisho.org/api/v1/search/words?keyword=カップ,['Cup']
家庭,かてい,https://jisho.org/api/v1/search/words?keyword=家庭,['Household']
角,かど,https://jisho.org/api/v1/search/words?keyword=角,['a corner']
かばん,かばん,https://jisho.org/api/v1/search/words?keyword=かばん,"['bag', 'basket']"
花瓶,かびん,https://jisho.org/api/v1/search/words?keyword=花瓶,['a vase']
紙,かみ,https://jisho.org/api/v1/search/words?keyword=紙,['paper']
カメラ,カメラ,https://jisho.org/api/v1/search/words?keyword=カメラ,['camera']
火曜日,かようび,https://jisho.org/api/v1/search/words?keyword=火曜日,['Tuesday']
辛い,からい,https://jisho.org/api/v1/search/words?keyword=辛い,['Spicy']
体,からだ,https://jisho.org/api/v1/search/words?keyword=体,['Body']
借りる,かりる,https://jisho.org/api/v1/search/words?keyword=借りる,['to borrow']
軽い,かるい,https://jisho.org/api/v1/search/words?keyword=軽い,['Light']
カレー,カレー,https://jisho.org/api/v1/search/words?keyword=カレー,['Curry']
カレンダー,カレンダー,https://jisho.org/api/v1/search/words?keyword=カレンダー,['calendar']
川,かわ,https://jisho.org/api/v1/search/words?keyword=川,['River']
かわいい,かわいい,https://jisho.org/api/v1/search/words?keyword=かわいい,['Cute']
漢字,かんじ,https://jisho.org/api/v1/search/words?keyword=漢字,['Chinese character']
木,き,https://jisho.org/api/v1/search/words?keyword=木,"['tree', 'wood']"
黄色,きいろ,https://jisho.org/api/v1/search/words?keyword=黄色,['yellow']
黄色い,きいろい,https://jisho.org/api/v1/search/words?keyword=黄色い,['yellow']
消える,きえる,https://jisho.org/api/v1/search/words?keyword=消える,['to disappear']
聞く,きく,https://jisho.org/api/v1/search/words?keyword=聞く,"['to hear', 'to listen to', 'to ask']"
北,きた,https://jisho.org/api/v1/search/words?keyword=北,['North']
ギター,ギター,https://jisho.org/api/v1/search/words?keyword=ギター,['Guitar']
汚い,きたない,https://jisho.org/api/v1/search/words?keyword=汚い,['Dirty']
喫茶店,きっさてん,https://jisho.org/api/v1/search/words?keyword=喫茶店,['coffee lounge']
切手,きって,https://jisho.org/api/v1/search/words?keyword=切手,['postage stamp']
切符,きっぷ,https://jisho.org/api/v1/search/words?keyword=切符,['Ticket']
昨日,きのう,https://jisho.org/api/v1/search/words?keyword=昨日,['Yesterday']
九,きゅう,https://jisho.org/api/v1/search/words?keyword=九,['Nine']
牛肉,ぎゅうにく,https://jisho.org/api/v1/search/words?keyword=牛肉,['Beef']
牛乳,ぎゅうにゅう,https://jisho.org/api/v1/search/words?keyword=牛乳,['Milk']
今日,きょう,https://jisho.org/api/v1/search/words?keyword=今日,['Today']
教室,きょうしつ,https://jisho.org/api/v1/search/words?keyword=教室,['Classroom']
兄弟,きょうだい,https://jisho.org/api/v1/search/words?keyword=兄弟,['siblings']
去年,きょねん,https://jisho.org/api/v1/search/words?keyword=去年,['last year']
嫌い,きらい,https://jisho.org/api/v1/search/words?keyword=嫌い,['Hate']
切る,きる,https://jisho.org/api/v1/search/words?keyword=切る,['to cut']
着る,きる,https://jisho.org/api/v1/search/words?keyword=着る,['to put on from the shoulders down']
きれい,きれい,https://jisho.org/api/v1/search/words?keyword=きれい,"['pretty', 'clean']"
キログラム,キログラム,https://jisho.org/api/v1/search/words?keyword=キログラム,['Kilogram']
キロメートル,キロメートル,https://jisho.org/api/v1/search/words?keyword=キロメートル,['Kilometer']
銀行,ぎんこう,https://jisho.org/api/v1/search/words?keyword=銀行,['Bank']
金曜日,きんようび,https://jisho.org/api/v1/search/words?keyword=金曜日,['Friday']
薬,くすり,https://jisho.org/api/v1/search/words?keyword=薬,['medicine']
ください,ください,https://jisho.org/api/v1/search/words?keyword=ください,['Please']
果物,くだもの,https://jisho.org/api/v1/search/words?keyword=果物,['Fruit']
口,くち,https://jisho.org/api/v1/search/words?keyword=口,"['mouth', 'opening']"
靴,くつ,https://jisho.org/api/v1/search/words?keyword=靴,['Shoes']
靴下,くつした,https://jisho.org/api/v1/search/words?keyword=靴下,['Socks']
国,くに,https://jisho.org/api/v1/search/words?keyword=国,['Country']
曇り,くもり,https://jisho.org/api/v1/search/words?keyword=曇り,['cloudy weather']
曇る,くもる,https://jisho.org/api/v1/search/words?keyword=曇る,"['to become cloudy', 'to become dim']"
暗い,くらい,https://jisho.org/api/v1/search/words?keyword=暗い,['Gloomy']
クラス,クラス,https://jisho.org/api/v1/search/words?keyword=クラス,['Class']
グラム,グラム,https://jisho.org/api/v1/search/words?keyword=グラム,['Gram']
来る,くる,https://jisho.org/api/v1/search/words?keyword=来る,['to come']
車,くるま,https://jisho.org/api/v1/search/words?keyword=車,"['car', 'vehicle']"
黒,くろ,https://jisho.org/api/v1/search/words?keyword=黒,['Black']
黒い,くろい,https://jisho.org/api/v1/search/words?keyword=黒い,['black']
警官,けいかん,https://jisho.org/api/v1/search/words?keyword=警官,['policeman']
今朝,けさ,https://jisho.org/api/v1/search/words?keyword=今朝,['this morning']
消す,けす,https://jisho.org/api/v1/search/words?keyword=消す,"['to erase', 'to turn off power']"
結構,けっこう,https://jisho.org/api/v1/search/words?keyword=結構,"['splendid', 'enough']"
結婚,けっこん,https://jisho.org/api/v1/search/words?keyword=結婚,['Marriage']
月曜日,げつようび,https://jisho.org/api/v1/search/words?keyword=月曜日,['Monday']
玄関,げんかん,https://jisho.org/api/v1/search/words?keyword=玄関,['entry hall']
元気,げんき,https://jisho.org/api/v1/search/words?keyword=元気,"['health', 'vitality']"
五,ご,https://jisho.org/api/v1/search/words?keyword=五,['Five']
公園,こうえん,https://jisho.org/api/v1/search/words?keyword=公園,['Park']
交差点,こうさてん,https://jisho.org/api/v1/search/words?keyword=交差点,['intersection']
紅茶,こうちゃ,https://jisho.org/api/v1/search/words?keyword=紅茶,['black tea']
交番,こうばん,https://jisho.org/api/v1/search/words?keyword=交番,['police box']
声,こえ,https://jisho.org/api/v1/search/words?keyword=声,['Voice']
コート,コート,https://jisho.org/api/v1/search/words?keyword=コート,"['coat', 'tennis court']"
コーヒー,コーヒー,https://jisho.org/api/v1/search/words?keyword=コーヒー,['Coffee']
ここ,ここ,https://jisho.org/api/v1/search/words?keyword=ここ,['Here']
午後,ごご,https://jisho.org/api/v1/search/words?keyword=午後,['afternoon']
九日,ここのか,https://jisho.org/api/v1/search/words?keyword=九日,"['nine days', 'ninth day']"
九つ,ここのつ,https://jisho.org/api/v1/search/words?keyword=九つ,['Nine']
午前,ごぜん,https://jisho.org/api/v1/search/words?keyword=午前,['morning']
答える,こたえる,https://jisho.org/api/v1/search/words?keyword=答える,['to answer']
こちら,こちら,https://jisho.org/api/v1/search/words?keyword=こちら,['this person or way']
こっち,こっち,https://jisho.org/api/v1/search/words?keyword=こっち,['this person or way']
コップ,コップ,https://jisho.org/api/v1/search/words?keyword=コップ,['a glass']
今年,ことし,https://jisho.org/api/v1/search/words?keyword=今年,['this year']
言葉,ことば,https://jisho.org/api/v1/search/words?keyword=言葉,"['word', 'language']"
子供,こども,https://jisho.org/api/v1/search/words?keyword=子供,['Child']
この,この,https://jisho.org/api/v1/search/words?keyword=この,['This']
御飯,ごはん,https://jisho.org/api/v1/search/words?keyword=御飯,"['cooked rice', 'meal']"
コピーする,コピーする,https://jisho.org/api/v1/search/words?keyword=コピーする,['to copy']
困る,こまる,https://jisho.org/api/v1/search/words?keyword=困る,['to be worried']
これ,これ,https://jisho.org/api/v1/search/words?keyword=これ,['This']
今月,こんげつ,https://jisho.org/api/v1/search/words?keyword=今月,['this month']
今週,こんしゅう,https://jisho.org/api/v1/search/words?keyword=今週,['this week']
こんな,こんな,https://jisho.org/api/v1/search/words?keyword=こんな,['Such']
今晩,こんばん,https://jisho.org/api/v1/search/words?keyword=今晩,['this evening']
さあ,さあ,https://jisho.org/api/v1/search/words?keyword=さあ,['well…']
財布,さいふ,https://jisho.org/api/v1/search/words?keyword=財布,['Wallet']
魚,さかな,https://jisho.org/api/v1/search/words?keyword=魚,['Fish']
先,さき,https://jisho.org/api/v1/search/words?keyword=先,"['the future', 'previous']"
咲く,さく,https://jisho.org/api/v1/search/words?keyword=咲く,['to bloom']
作文,さくぶん,https://jisho.org/api/v1/search/words?keyword=作文,"['composition', 'writing']"
差す,さす,https://jisho.org/api/v1/search/words?keyword=差す,"['to stretch out hands', 'to raise an umbrella']"
雑誌,ざっし,https://jisho.org/api/v1/search/words?keyword=雑誌,['Magazine']
砂糖,さとう,https://jisho.org/api/v1/search/words?keyword=砂糖,['Sugar']
寒い,さむい,https://jisho.org/api/v1/search/words?keyword=寒い,['Cold']
さ来年,さらいねん,https://jisho.org/api/v1/search/words?keyword=さ来年,['year after next']
三,さん,https://jisho.org/api/v1/search/words?keyword=三,['Three']
散歩,さんぽする,https://jisho.org/api/v1/search/words?keyword=散歩,['to stroll']
四,よん,https://jisho.org/api/v1/search/words?keyword=四,['Four']
塩,しお,https://jisho.org/api/v1/search/words?keyword=塩,['Salt']
しかし,しかし,https://jisho.org/api/v1/search/words?keyword=しかし,['However']
時間,じかん,https://jisho.org/api/v1/search/words?keyword=時間,['Time']
仕事,しごと,https://jisho.org/api/v1/search/words?keyword=仕事,['Job']
辞書,じしょ,https://jisho.org/api/v1/search/words?keyword=辞書,['Dictionary']
静か,しずか,https://jisho.org/api/v1/search/words?keyword=静か,['Quiet']
下,した,https://jisho.org/api/v1/search/words?keyword=下,['Below']
七,なな,https://jisho.org/api/v1/search/words?keyword=七,['Seven']
質問,しつもん,https://jisho.org/api/v1/search/words?keyword=質問,['Question']
自転車,じてんしゃ,https://jisho.org/api/v1/search/words?keyword=自転車,['Bicycle']
自動車,じどうしゃ,https://jisho.org/api/v1/search/words?keyword=自動車,['Automobile']
死ぬ,しぬ,https://jisho.org/api/v1/search/words?keyword=死ぬ,['to die']
字引,じびき,https://jisho.org/api/v1/search/words?keyword=字引,['Dictionary']
自分,じぶん,https://jisho.org/api/v1/search/words?keyword=自分,['Oneself']
閉まる,しまる,https://jisho.org/api/v1/search/words?keyword=閉まる,"['to close', 'to be closed']"
閉める,しめる,https://jisho.org/api/v1/search/words?keyword=閉める,['to close something']
締める,しめる,https://jisho.org/api/v1/search/words?keyword=締める,['to tie']
じゃあ,じゃあ,https://jisho.org/api/v1/search/words?keyword=じゃあ,['well then…']
写真,しゃしん,https://jisho.org/api/v1/search/words?keyword=写真,['photograph']
シャツ,シャツ,https://jisho.org/api/v1/search/words?keyword=シャツ,['Shirt']
シャワー,シャワー,https://jisho.org/api/v1/search/words?keyword=シャワー,['Shower']
十,じゅう,https://jisho.org/api/v1/search/words?keyword=十,['とお Ten']
授業,じゅぎょう,https://jisho.org/api/v1/search/words?keyword=授業,"['lesson', 'class work']"
宿題,しゅくだい,https://jisho.org/api/v1/search/words?keyword=宿題,['homework']
上手,じょうず,https://jisho.org/api/v1/search/words?keyword=上手,['Skillful']
丈夫,じょうぶ,https://jisho.org/api/v1/search/words?keyword=丈夫,"['strong', 'durable']"
しょうゆ,しょうゆ,https://jisho.org/api/v1/search/words?keyword=しょうゆ,['soy sauce']
食堂,しょくどう,https://jisho.org/api/v1/search/words?keyword=食堂,['dining hall']
知る,しる,https://jisho.org/api/v1/search/words?keyword=知る,['to know']
白,しろ,https://jisho.org/api/v1/search/words?keyword=白,['White']
白い,しろい,https://jisho.org/api/v1/search/words?keyword=白い,['White']
新聞,しんぶん,https://jisho.org/api/v1/search/words?keyword=新聞,['newspaper']
水曜日,すいようび,https://jisho.org/api/v1/search/words?keyword=水曜日,['Wednesday']
吸う,すう,https://jisho.org/api/v1/search/words?keyword=吸う,"['to smoke', 'to suck']"
スカート,スカート,https://jisho.org/api/v1/search/words?keyword=スカート,['Skirt']
好き,すき,https://jisho.org/api/v1/search/words?keyword=好き,['Likeable']
少ない,すくない,https://jisho.org/api/v1/search/words?keyword=少ない,['a few']
すぐに,すぐに,https://jisho.org/api/v1/search/words?keyword=すぐに,['Instantly']
少し,すこし,https://jisho.org/api/v1/search/words?keyword=少し,['Few']
涼しい,すずしい,https://jisho.org/api/v1/search/words?keyword=涼しい,['Refreshing']
ストーブ,ストーブ,https://jisho.org/api/v1/search/words?keyword=ストーブ,['Heater']
スプーン,スプーン,https://jisho.org/api/v1/search/words?keyword=スプーン,['Spoon']
スポーツ,スポーツ,https://jisho.org/api/v1/search/words?keyword=スポーツ,['Sport']
ズボン,ズボン,https://jisho.org/api/v1/search/words?keyword=ズボン,['Trousers']
住む,すむ,https://jisho.org/api/v1/search/words?keyword=住む,['to live in']
スリッパ,スリッパ,https://jisho.org/api/v1/search/words?keyword=スリッパ,['Slippers']
する,する,https://jisho.org/api/v1/search/words?keyword=する,['to do']
座る,すわる,https://jisho.org/api/v1/search/words?keyword=座る,['to sit']
背,せ,https://jisho.org/api/v1/search/words?keyword=背,"['height', 'stature']"
生徒,せいと,https://jisho.org/api/v1/search/words?keyword=生徒,['Pupil']
セーター,セーター,https://jisho.org/api/v1/search/words?keyword=セーター,"['sweater', 'jumper']"
せっけん,せっけん,https://jisho.org/api/v1/search/words?keyword=せっけん,['Economy']
背広,せびろ,https://jisho.org/api/v1/search/words?keyword=背広,['business suit']
狭い,せまい,https://jisho.org/api/v1/search/words?keyword=狭い,['Narrow']
ゼロ,ゼロ,https://jisho.org/api/v1/search/words?keyword=ゼロ,['Zero']
千,せん,https://jisho.org/api/v1/search/words?keyword=千,['Thousand']
先月,せんげつ,https://jisho.org/api/v1/search/words?keyword=先月,['last month']
先週,せんしゅう,https://jisho.org/api/v1/search/words?keyword=先週,['last week']
先生,せんせい,https://jisho.org/api/v1/search/words?keyword=先生,"['teacher', 'doctor']"
洗濯,せんたく,https://jisho.org/api/v1/search/words?keyword=洗濯,['Washing']
全部,ぜんぶ,https://jisho.org/api/v1/search/words?keyword=全部,['All']
掃除,そうじする,https://jisho.org/api/v1/search/words?keyword=掃除,"['to clean', 'to sweep']"
そして,そして,https://jisho.org/api/v1/search/words?keyword=そして,['And']
そこ,そこ,https://jisho.org/api/v1/search/words?keyword=そこ,['that place']
そちら,そちら,https://jisho.org/api/v1/search/words?keyword=そちら,['over there']
そっち,そっち,https://jisho.org/api/v1/search/words?keyword=そっち,['over there']
外,そと,https://jisho.org/api/v1/search/words?keyword=外,['Outside']
その,その,https://jisho.org/api/v1/search/words?keyword=その,['That']
そば,そば,https://jisho.org/api/v1/search/words?keyword=そば,"['near', 'beside']"
空,そら,https://jisho.org/api/v1/search/words?keyword=空,['Sky']
それ,それ,https://jisho.org/api/v1/search/words?keyword=それ,['that']
それから,それから,https://jisho.org/api/v1/search/words?keyword=それから,['after that']
それでは,それでは,https://jisho.org/api/v1/search/words?keyword=それでは,['in that situation']
大学,だいがく,https://jisho.org/api/v1/search/words?keyword=大学,['university']
大使館,たいしかん,https://jisho.org/api/v1/search/words?keyword=大使館,['embassy']
大丈夫,だいじょうぶ,https://jisho.org/api/v1/search/words?keyword=大丈夫,['all right']
大好き,だいすき,https://jisho.org/api/v1/search/words?keyword=大好き,['to be very likeable']
大切,たいせつ,https://jisho.org/api/v1/search/words?keyword=大切,['important']
台所,だいどころ,https://jisho.org/api/v1/search/words?keyword=台所,['kitchen']
たいへん,たいへん,https://jisho.org/api/v1/search/words?keyword=たいへん,['very']
たいへん,たいへん,https://jisho.org/api/v1/search/words?keyword=たいへん,['difficult situation']
高い,たかい,https://jisho.org/api/v1/search/words?keyword=高い,"['tall', 'expensive']"
たくさん,たくさん,https://jisho.org/api/v1/search/words?keyword=たくさん,['many']
タクシー,タクシー,https://jisho.org/api/v1/search/words?keyword=タクシー,['taxi']
出す,だす,https://jisho.org/api/v1/search/words?keyword=出す,['to put out']
立つ,たつ,https://jisho.org/api/v1/search/words?keyword=立つ,['to stand']
たて,たて,https://jisho.org/api/v1/search/words?keyword=たて,"['length', 'height']"
建物,たてもの,https://jisho.org/api/v1/search/words?keyword=建物,['building']
楽しい,たのしい,https://jisho.org/api/v1/search/words?keyword=楽しい,['enjoyable']
頼む,たのむ,https://jisho.org/api/v1/search/words?keyword=頼む,['to ask']
たばこ,たばこ,https://jisho.org/api/v1/search/words?keyword=たばこ,"['tobacco', 'cigarettes']"
たぶん,たぶん,https://jisho.org/api/v1/search/words?keyword=たぶん,['probably']
食べ物,たべもの,https://jisho.org/api/v1/search/words?keyword=食べ物,['food']
食べる,たべる,https://jisho.org/api/v1/search/words?keyword=食べる,['to eat']
卵,たまご,https://jisho.org/api/v1/search/words?keyword=卵,['egg']
誰,だれ,https://jisho.org/api/v1/search/words?keyword=誰,['who']
誰,だれか,https://jisho.org/api/v1/search/words?keyword=誰,['somebody']
誕生日,たんじょうび,https://jisho.org/api/v1/search/words?keyword=誕生日,['birthday']
だんだん,だんだん,https://jisho.org/api/v1/search/words?keyword=だんだん,['gradually']
小さい,ちいさい,https://jisho.org/api/v1/search/words?keyword=小さい,['little']
小さな,ちいさな,https://jisho.org/api/v1/search/words?keyword=小さな,['little']
近い,ちかい,https://jisho.org/api/v1/search/words?keyword=近い,['near']
違う,ちがう,https://jisho.org/api/v1/search/words?keyword=違う,['to differ']
近く,ちかく,https://jisho.org/api/v1/search/words?keyword=近く,['near']
地下鉄,ちかてつ,https://jisho.org/api/v1/search/words?keyword=地下鉄,['underground train']
地図,ちず,https://jisho.org/api/v1/search/words?keyword=地図,['map']
茶色,ちゃいろ,https://jisho.org/api/v1/search/words?keyword=茶色,['brown']
ちゃわん,ちゃわん,https://jisho.org/api/v1/search/words?keyword=ちゃわん,['rice bowl']
ちょうど,ちょうど,https://jisho.org/api/v1/search/words?keyword=ちょうど,['exactly']
ちょっと,ちょっと,https://jisho.org/api/v1/search/words?keyword=ちょっと,['somewhat']
一日,ついたち,https://jisho.org/api/v1/search/words?keyword=一日,['first of month']
使う,つかう,https://jisho.org/api/v1/search/words?keyword=使う,['to use']
疲れる,つかれる,https://jisho.org/api/v1/search/words?keyword=疲れる,['to get tired']
次,つぎ,https://jisho.org/api/v1/search/words?keyword=次,['next']
着く,つく,https://jisho.org/api/v1/search/words?keyword=着く,['to arrive at']
机,つくえ,https://jisho.org/api/v1/search/words?keyword=机,['desk']
作る,つくる,https://jisho.org/api/v1/search/words?keyword=作る,['to make']
つける,つける,https://jisho.org/api/v1/search/words?keyword=つける,['to turn on']
勤める,つとめる,https://jisho.org/api/v1/search/words?keyword=勤める,['to work for someone']
つまらない,つまらない,https://jisho.org/api/v1/search/words?keyword=つまらない,['boring']
冷たい,つめたい,https://jisho.org/api/v1/search/words?keyword=冷たい,['cold to the touch']
強い,つよい,https://jisho.org/api/v1/search/words?keyword=強い,['powerful']
手,て,https://jisho.org/api/v1/search/words?keyword=手,['hand']
テープ,テープ,https://jisho.org/api/v1/search/words?keyword=テープ,['tape']
テーブル,テーブル,https://jisho.org/api/v1/search/words?keyword=テーブル,['table']
テープレコーダー,テープレコーダー,https://jisho.org/api/v1/search/words?keyword=テープレコーダー,['tape recorder']
出かける,でかける,https://jisho.org/api/v1/search/words?keyword=出かける,['to go out']
手紙,てがみ,https://jisho.org/api/v1/search/words?keyword=手紙,['letter']
できる,できる,https://jisho.org/api/v1/search/words?keyword=できる,['to be able to']
出口,でぐち,https://jisho.org/api/v1/search/words?keyword=出口,['exit']
テスト,テスト,https://jisho.org/api/v1/search/words?keyword=テスト,['test']
では,では,https://jisho.org/api/v1/search/words?keyword=では,['with that...']
デパート,デパート,https://jisho.org/api/v1/search/words?keyword=デパート,['department store']
でも,でも,https://jisho.org/api/v1/search/words?keyword=でも,['but']
出る,でる,https://jisho.org/api/v1/search/words?keyword=出る,"['to appear', 'to leave']"
テレビ,テレビ,https://jisho.org/api/v1/search/words?keyword=テレビ,['television']
天気,てんき,https://jisho.org/api/v1/search/words?keyword=天気,['weather']
電気,でんき,https://jisho.org/api/v1/search/words?keyword=電気,"['electricity', 'electric light']"
電車,でんしゃ,https://jisho.org/api/v1/search/words?keyword=電車,['electric train']
電話,でんわ,https://jisho.org/api/v1/search/words?keyword=電話,['telephone']
戸,と,https://jisho.org/api/v1/search/words?keyword=戸,['Japanese style door']
ドア,ドア,https://jisho.org/api/v1/search/words?keyword=ドア,['Western style door']
トイレ,トイレ,https://jisho.org/api/v1/search/words?keyword=トイレ,['toilet']
どう,どう,https://jisho.org/api/v1/search/words?keyword=どう,"['how', 'in what way']"
どうして,どうして,https://jisho.org/api/v1/search/words?keyword=どうして,['for what reason']
どうぞ,どうぞ,https://jisho.org/api/v1/search/words?keyword=どうぞ,['please']
動物,どうぶつ,https://jisho.org/api/v1/search/words?keyword=動物,['animal']
どうも,どうも,https://jisho.org/api/v1/search/words?keyword=どうも,['thanks']
遠い,とおい,https://jisho.org/api/v1/search/words?keyword=遠い,['far']
十日,とおか,https://jisho.org/api/v1/search/words?keyword=十日,"['ten days', 'the tenth day']"
時々,ときどき,https://jisho.org/api/v1/search/words?keyword=時々,['sometimes']
時計,とけい,https://jisho.org/api/v1/search/words?keyword=時計,"['watch', 'clock']"
どこ,どこ,https://jisho.org/api/v1/search/words?keyword=どこ,['where']
所,ところ,https://jisho.org/api/v1/search/words?keyword=所,['place']
年,とし,https://jisho.org/api/v1/search/words?keyword=年,['year']
図書館,としょかん,https://jisho.org/api/v1/search/words?keyword=図書館,['library']
どちら,どちら,https://jisho.org/api/v1/search/words?keyword=どちら,['which of two']
どっち,どっち,https://jisho.org/api/v1/search/words?keyword=どっち,['which']
とても,とても,https://jisho.org/api/v1/search/words?keyword=とても,['very']
どなた,どなた,https://jisho.org/api/v1/search/words?keyword=どなた,['who']
隣,となり,https://jisho.org/api/v1/search/words?keyword=隣,['next door to']
どの,どの,https://jisho.org/api/v1/search/words?keyword=どの,['which']
飛ぶ,とぶ,https://jisho.org/api/v1/search/words?keyword=飛ぶ,"['to fly', 'to hop']"
止まる,とまる,https://jisho.org/api/v1/search/words?keyword=止まる,['to come to a halt']
友達,ともだち,https://jisho.org/api/v1/search/words?keyword=友達,['friend']
土曜日,どようび,https://jisho.org/api/v1/search/words?keyword=土曜日,['Saturday']
鳥,とり,https://jisho.org/api/v1/search/words?keyword=鳥,['bird']
とり肉,とりにく,https://jisho.org/api/v1/search/words?keyword=とり肉,['chicken meat']
取る,とる,https://jisho.org/api/v1/search/words?keyword=取る,['to take something']
撮る,とる,https://jisho.org/api/v1/search/words?keyword=撮る,['to take a photo or record a film']
どれ,どれ,https://jisho.org/api/v1/search/words?keyword=どれ,['which']
ナイフ,ナイフ,https://jisho.org/api/v1/search/words?keyword=ナイフ,['knife']
中,なか,https://jisho.org/api/v1/search/words?keyword=中,['middle']
長い,ながい,https://jisho.org/api/v1/search/words?keyword=長い,['long']
鳴く,なく,https://jisho.org/api/v1/search/words?keyword=鳴く,"['animal noise. to chirp', 'roar or croak etc.']"
無くす,なくす,https://jisho.org/api/v1/search/words?keyword=無くす,['to lose something']
なぜ,なぜ,https://jisho.org/api/v1/search/words?keyword=なぜ,['why']
夏,なつ,https://jisho.org/api/v1/search/words?keyword=夏,['summer']
夏休み,なつやすみ,https://jisho.org/api/v1/search/words?keyword=夏休み,['summer holiday']
など,など,https://jisho.org/api/v1/search/words?keyword=など,['et cetera']
七つ,ななつ,https://jisho.org/api/v1/search/words?keyword=七つ,['seven']
七日,なのか,https://jisho.org/api/v1/search/words?keyword=七日,"['seven days', 'the seventh day']"
名前,なまえ,https://jisho.org/api/v1/search/words?keyword=名前,['name']
習う,ならう,https://jisho.org/api/v1/search/words?keyword=習う,['to learn']
並ぶ,ならぶ,https://jisho.org/api/v1/search/words?keyword=並ぶ,"['to line up', 'to stand in a line']"
並べる,ならべる,https://jisho.org/api/v1/search/words?keyword=並べる,"['to line up', 'to set up']"
なる,なる,https://jisho.org/api/v1/search/words?keyword=なる,['to become']
何,なに,https://jisho.org/api/v1/search/words?keyword=何,['what']
二,に,https://jisho.org/api/v1/search/words?keyword=二,['two']
賑やか,にぎやか,https://jisho.org/api/v1/search/words?keyword=賑やか,"['bustling', 'busy']"
肉,にく,https://jisho.org/api/v1/search/words?keyword=肉,['meat']
西,にし,https://jisho.org/api/v1/search/words?keyword=西,['west']
日曜日,にちようび,https://jisho.org/api/v1/search/words?keyword=日曜日,['Sunday']
荷物,にもつ,https://jisho.org/api/v1/search/words?keyword=荷物,['luggage']
ニュース,ニュース,https://jisho.org/api/v1/search/words?keyword=ニュース,['news']
庭,にわ,https://jisho.org/api/v1/search/words?keyword=庭,['garden']
脱ぐ,ぬぐ,https://jisho.org/api/v1/search/words?keyword=脱ぐ,['to take off clothes']
温い,ぬるい,https://jisho.org/api/v1/search/words?keyword=温い,['luke warm']
ネクタイ,ネクタイ,https://jisho.org/api/v1/search/words?keyword=ネクタイ,"['tie', 'necktie']"
猫,ねこ,https://jisho.org/api/v1/search/words?keyword=猫,['cat']
寝る,ねる,https://jisho.org/api/v1/search/words?keyword=寝る,"['to go to bed', 'to sleep']"
ノート,ノート,https://jisho.org/api/v1/search/words?keyword=ノート,"['notebook', 'exercise book']"
登る,のぼる,https://jisho.org/api/v1/search/words?keyword=登る,['to climb']
飲み物,のみもの,https://jisho.org/api/v1/search/words?keyword=飲み物,['a drink']
飲む,のむ,https://jisho.org/api/v1/search/words?keyword=飲む,['to drink']
乗る,のる,https://jisho.org/api/v1/search/words?keyword=乗る,"['to get on', 'to ride']"
歯,は,https://jisho.org/api/v1/search/words?keyword=歯,['tooth']
パーティー,パーティー,https://jisho.org/api/v1/search/words?keyword=パーティー,['party']
はい,はい,https://jisho.org/api/v1/search/words?keyword=はい,['yes']
灰皿,はいざら,https://jisho.org/api/v1/search/words?keyword=灰皿,['ashtray']
入る,はいる,https://jisho.org/api/v1/search/words?keyword=入る,"['to enter', 'to contain']"
葉書,はがき,https://jisho.org/api/v1/search/words?keyword=葉書,['postcard']
はく,はく,https://jisho.org/api/v1/search/words?keyword=はく,"['to wear', 'to put on trousers']"
箱,はこ,https://jisho.org/api/v1/search/words?keyword=箱,['box']
橋,はし,https://jisho.org/api/v1/search/words?keyword=橋,['bridge']
はし,はし,https://jisho.org/api/v1/search/words?keyword=はし,['chopsticks']
始まる,はじまる,https://jisho.org/api/v1/search/words?keyword=始まる,['to begin']
始め,はじめ,https://jisho.org/api/v1/search/words?keyword=始め,['beginning']
初めて,はじめて,https://jisho.org/api/v1/search/words?keyword=初めて,['for the first time']
走る,はしる,https://jisho.org/api/v1/search/words?keyword=走る,['to run']
バス,バス,https://jisho.org/api/v1/search/words?keyword=バス,['bus']
バター,バター,https://jisho.org/api/v1/search/words?keyword=バター,['butter']
二十歳,はたち,https://jisho.org/api/v1/search/words?keyword=二十歳,"['20 years old', '20th year']"
働く,はたらく,https://jisho.org/api/v1/search/words?keyword=働く,['to work']
八,はち,https://jisho.org/api/v1/search/words?keyword=八,['eight']
二十日,はつか,https://jisho.org/api/v1/search/words?keyword=二十日,"['twenty days', 'twentieth']"
花,はな,https://jisho.org/api/v1/search/words?keyword=花,['flower']
鼻,はな,https://jisho.org/api/v1/search/words?keyword=鼻,['nose']
話,はなし,https://jisho.org/api/v1/search/words?keyword=話,"['talk', 'story']"
話す,はなす,https://jisho.org/api/v1/search/words?keyword=話す,['to speak']
早い,はやい,https://jisho.org/api/v1/search/words?keyword=早い,['early']
速い,はやい,https://jisho.org/api/v1/search/words?keyword=速い,['quick']
春,はる,https://jisho.org/api/v1/search/words?keyword=春,['spring']
貼る,はる,https://jisho.org/api/v1/search/words?keyword=貼る,['to stick']
晴れ,はれ,https://jisho.org/api/v1/search/words?keyword=晴れ,['clear weather']
晴れる,はれる,https://jisho.org/api/v1/search/words?keyword=晴れる,['to be sunny']
半,はん,https://jisho.org/api/v1/search/words?keyword=半,['half']
晩,ばん,https://jisho.org/api/v1/search/words?keyword=晩,['evening']
パン,パン,https://jisho.org/api/v1/search/words?keyword=パン,['bread']
ハンカチ,ハンカチ,https://jisho.org/api/v1/search/words?keyword=ハンカチ,['handkerchief']
番号,ばんごう,https://jisho.org/api/v1/search/words?keyword=番号,['number']
晩御飯,ばんごはん,https://jisho.org/api/v1/search/words?keyword=晩御飯,['evening meal']
半分,はんぶん,https://jisho.org/api/v1/search/words?keyword=半分,['half minute']
東,ひがし,https://jisho.org/api/v1/search/words?keyword=東,['east']
引く,ひく,https://jisho.org/api/v1/search/words?keyword=引く,['to pull']
弾く,ひく,https://jisho.org/api/v1/search/words?keyword=弾く,"['to play an instrument with strings', 'including piano']"
低い,ひくい,https://jisho.org/api/v1/search/words?keyword=低い,"['short', 'low']"
飛行機,ひこうき,https://jisho.org/api/v1/search/words?keyword=飛行機,['aeroplane']
左,ひだり,https://jisho.org/api/v1/search/words?keyword=左,['left hand side']
人,ひと,https://jisho.org/api/v1/search/words?keyword=人,['person']
一つ,ひとつ,https://jisho.org/api/v1/search/words?keyword=一つ,['one']
一月,ひとつき,https://jisho.org/api/v1/search/words?keyword=一月,['one month']
一人,ひとり,https://jisho.org/api/v1/search/words?keyword=一人,['one person']
暇,ひま,https://jisho.org/api/v1/search/words?keyword=暇,['free time']
百,ひゃく,https://jisho.org/api/v1/search/words?keyword=百,['hundred']
病院,びょういん,https://jisho.org/api/v1/search/words?keyword=病院,['hospital']
病気,びょうき,https://jisho.org/api/v1/search/words?keyword=病気,['illness']
昼,ひる,https://jisho.org/api/v1/search/words?keyword=昼,"['noon', 'daytime']"
昼御飯,ひるごはん,https://jisho.org/api/v1/search/words?keyword=昼御飯,['midday meal']
広い,ひろい,https://jisho.org/api/v1/search/words?keyword=広い,"['spacious', 'wide']"
フィルム,フィルム,https://jisho.org/api/v1/search/words?keyword=フィルム,['roll of film']
封筒,ふうとう,https://jisho.org/api/v1/search/words?keyword=封筒,['envelope']
プール,プール,https://jisho.org/api/v1/search/words?keyword=プール,['swimming pool']
フォーク,フォーク,https://jisho.org/api/v1/search/words?keyword=フォーク,['fork']
吹く,ふく,https://jisho.org/api/v1/search/words?keyword=吹く,['to blow']
服,ふく,https://jisho.org/api/v1/search/words?keyword=服,['clothes']
二つ,ふたつ,https://jisho.org/api/v1/search/words?keyword=二つ,['two']
豚肉,ぶたにく,https://jisho.org/api/v1/search/words?keyword=豚肉,['pork']
二人,ふたり,https://jisho.org/api/v1/search/words?keyword=二人,['two people']
二日,ふつか,https://jisho.org/api/v1/search/words?keyword=二日,"['two days', 'second day of the month']"
太い,ふとい,https://jisho.org/api/v1/search/words?keyword=太い,['fat']
冬,ふゆ,https://jisho.org/api/v1/search/words?keyword=冬,['winter']
降る,ふる,https://jisho.org/api/v1/search/words?keyword=降る,"['to fall', 'e.g. rain or snow']"
古い,ふるい,https://jisho.org/api/v1/search/words?keyword=古い,['old']
ふろ,ふろ,https://jisho.org/api/v1/search/words?keyword=ふろ,['bath']
文章,ぶんしょう,https://jisho.org/api/v1/search/words?keyword=文章,"['sentence', 'text']"
ページ,ページ,https://jisho.org/api/v1/search/words?keyword=ページ,['page']
下手,へた,https://jisho.org/api/v1/search/words?keyword=下手,['unskillful']
ベッド,ベッド,https://jisho.org/api/v1/search/words?keyword=ベッド,['bed']
ペット,ペット,https://jisho.org/api/v1/search/words?keyword=ペット,['pet']
部屋,へや,https://jisho.org/api/v1/search/words?keyword=部屋,['room']
辺,へん,https://jisho.org/api/v1/search/words?keyword=辺,['area']
ペン,ペン,https://jisho.org/api/v1/search/words?keyword=ペン,['pen']
勉強,べんきょうする,https://jisho.org/api/v1/search/words?keyword=勉強,['to study']
便利,べんり,https://jisho.org/api/v1/search/words?keyword=便利,"['useful', 'convenient']"
帽子,ぼうし,https://jisho.org/api/v1/search/words?keyword=帽子,['hat']
ボールペン,ボールペン,https://jisho.org/api/v1/search/words?keyword=ボールペン,['ball-point pen']
ほか,ほか,https://jisho.org/api/v1/search/words?keyword=ほか,"['other', 'the rest']"
ポケット,ポケット,https://jisho.org/api/v1/search/words?keyword=ポケット,['pocket']
欲しい,ほしい,https://jisho.org/api/v1/search/words?keyword=欲しい,['want']
ポスト,ポスト,https://jisho.org/api/v1/search/words?keyword=ポスト,['post']
細い,ほそい,https://jisho.org/api/v1/search/words?keyword=細い,['thin']
ボタン,ボタン,https://jisho.org/api/v1/search/words?keyword=ボタン,['button']
ホテル,ホテル,https://jisho.org/api/v1/search/words?keyword=ホテル,['hotel']
本,ほん,https://jisho.org/api/v1/search/words?keyword=本,['book']
本棚,ほんだな,https://jisho.org/api/v1/search/words?keyword=本棚,['bookshelves']
ほんとう,ほんとう,https://jisho.org/api/v1/search/words?keyword=ほんとう,['truth']
毎朝,まいあさ,https://jisho.org/api/v1/search/words?keyword=毎朝,['every morning']
毎月,まいつき,https://jisho.org/api/v1/search/words?keyword=毎月,['every month']
毎週,まいしゅう,https://jisho.org/api/v1/search/words?keyword=毎週,['every week']
毎日,まいにち,https://jisho.org/api/v1/search/words?keyword=毎日,['every day']
毎年,まいとし,https://jisho.org/api/v1/search/words?keyword=毎年,['every year']
毎晩,まいばん,https://jisho.org/api/v1/search/words?keyword=毎晩,['every night']
前,まえ,https://jisho.org/api/v1/search/words?keyword=前,['before']
曲る,まがる,https://jisho.org/api/v1/search/words?keyword=曲る,"['to turn', 'to bend']"
まずい,まずい,https://jisho.org/api/v1/search/words?keyword=まずい,['unpleasant']
また,また,https://jisho.org/api/v1/search/words?keyword=また,"['again', 'and']"
まだ,まだ,https://jisho.org/api/v1/search/words?keyword=まだ,"['yet', 'still']"
町,まち,https://jisho.org/api/v1/search/words?keyword=町,"['town', 'city']"
待つ,まつ,https://jisho.org/api/v1/search/words?keyword=待つ,['to wait']
まっすぐ,まっすぐ,https://jisho.org/api/v1/search/words?keyword=まっすぐ,"['straight ahead', 'direct']"
マッチ,マッチ,https://jisho.org/api/v1/search/words?keyword=マッチ,['match']
窓,まど,https://jisho.org/api/v1/search/words?keyword=窓,['window']
丸い,まるい,https://jisho.org/api/v1/search/words?keyword=丸い,"['round', 'circular']"
万,まん,https://jisho.org/api/v1/search/words?keyword=万,['ten thousand']
万年筆,まんねんひつ,https://jisho.org/api/v1/search/words?keyword=万年筆,['fountain pen']
磨く,みがく,https://jisho.org/api/v1/search/words?keyword=磨く,"['to brush teeth', 'to polish']"
右,みぎ,https://jisho.org/api/v1/search/words?keyword=右,['right side']
短い,みじかい,https://jisho.org/api/v1/search/words?keyword=短い,['short']
水,みず,https://jisho.org/api/v1/search/words?keyword=水,['water']
店,みせ,https://jisho.org/api/v1/search/words?keyword=店,['shop']
見せる,みせる,https://jisho.org/api/v1/search/words?keyword=見せる,['to show']
道,みち,https://jisho.org/api/v1/search/words?keyword=道,['street']
三日,みっか,https://jisho.org/api/v1/search/words?keyword=三日,"['three days', 'third day of the month']"
三つ,みっつ,https://jisho.org/api/v1/search/words?keyword=三つ,['three']
緑,みどり,https://jisho.org/api/v1/search/words?keyword=緑,['green']
皆さん,みなさん,https://jisho.org/api/v1/search/words?keyword=皆さん,['everyone']
南,みなみ,https://jisho.org/api/v1/search/words?keyword=南,['south']
耳,みみ,https://jisho.org/api/v1/search/words?keyword=耳,['ear']
見る,観る,https://jisho.org/api/v1/search/words?keyword=見る,"['みる to see', 'to watch']"
みんな,みんな,https://jisho.org/api/v1/search/words?keyword=みんな,['everyone']
六日,むいか,https://jisho.org/api/v1/search/words?keyword=六日,"['six days', 'sixth day of the month']"
向こう,むこう,https://jisho.org/api/v1/search/words?keyword=向こう,['over there']
難しい,むずかしい,https://jisho.org/api/v1/search/words?keyword=難しい,['difficult']
六つ,むっつ,https://jisho.org/api/v1/search/words?keyword=六つ,['six']
村,むら,https://jisho.org/api/v1/search/words?keyword=村,['village']
目,め,https://jisho.org/api/v1/search/words?keyword=目,['eye']
メートル,メートル,https://jisho.org/api/v1/search/words?keyword=メートル,['metre']
眼鏡,めがね,https://jisho.org/api/v1/search/words?keyword=眼鏡,['glasses']
もう,もう,https://jisho.org/api/v1/search/words?keyword=もう,['already']
もう一度,もういちど,https://jisho.org/api/v1/search/words?keyword=もう一度,['again']
木曜日,もくようび,https://jisho.org/api/v1/search/words?keyword=木曜日,['Thursday']
持つ,もつ,https://jisho.org/api/v1/search/words?keyword=持つ,['to hold']
もっと,もっと,https://jisho.org/api/v1/search/words?keyword=もっと,['more']
物,もの,https://jisho.org/api/v1/search/words?keyword=物,['thing']
門,もん,https://jisho.org/api/v1/search/words?keyword=門,['gate']
問題,もんだい,https://jisho.org/api/v1/search/words?keyword=問題,['problem']
八百屋,やおや,https://jisho.org/api/v1/search/words?keyword=八百屋,['greengrocer']
野菜,やさい,https://jisho.org/api/v1/search/words?keyword=野菜,['vegetable']
易しい,やさしい,https://jisho.org/api/v1/search/words?keyword=易しい,"['easy', 'simple']"
安い,やすい,https://jisho.org/api/v1/search/words?keyword=安い,['cheap']
休み,やすみ,https://jisho.org/api/v1/search/words?keyword=休み,"['rest', 'holiday']"
休む,やすむ,https://jisho.org/api/v1/search/words?keyword=休む,['to rest']
八つ,やっつ,https://jisho.org/api/v1/search/words?keyword=八つ,['eight']
山,やま,https://jisho.org/api/v1/search/words?keyword=山,['mountain']
やる,やる,https://jisho.org/api/v1/search/words?keyword=やる,['to do']
夕方,ゆうがた,https://jisho.org/api/v1/search/words?keyword=夕方,['evening']
夕飯,ゆうはん,https://jisho.org/api/v1/search/words?keyword=夕飯,['dinner']
郵便局,ゆうびんきょく,https://jisho.org/api/v1/search/words?keyword=郵便局,['post office']
昨夜,ゆうべ,https://jisho.org/api/v1/search/words?keyword=昨夜,['last night']
有名,ゆうめい,https://jisho.org/api/v1/search/words?keyword=有名,['famous']
雪,ゆき,https://jisho.org/api/v1/search/words?keyword=雪,['snow']
行く,ゆく,https://jisho.org/api/v1/search/words?keyword=行く,['to go']
ゆっくりと,ゆっくりと,https://jisho.org/api/v1/search/words?keyword=ゆっくりと,['slowly']
八日,ようか,https://jisho.org/api/v1/search/words?keyword=八日,"['eight days', 'eighth day of the month']"
洋服,ようふく,https://jisho.org/api/v1/search/words?keyword=洋服,['western-style clothes']
よく,よく,https://jisho.org/api/v1/search/words?keyword=よく,"['often', 'well']"
横,よこ,https://jisho.org/api/v1/search/words?keyword=横,"['beside', 'side', 'width']"
四日,よっか,https://jisho.org/api/v1/search/words?keyword=四日,"['four days', 'fouth day of the month']"
四つ,よっつ,https://jisho.org/api/v1/search/words?keyword=四つ,['four']
呼ぶ,よぶ,https://jisho.org/api/v1/search/words?keyword=呼ぶ,"['to call out', 'to invite']"
読む,よむ,https://jisho.org/api/v1/search/words?keyword=読む,['to read']
夜,よる,https://jisho.org/api/v1/search/words?keyword=夜,"['evening', 'night']"
弱い,よわい,https://jisho.org/api/v1/search/words?keyword=弱い,['weak']
来月,らいげつ,https://jisho.org/api/v1/search/words?keyword=来月,['next month']
来週,らいしゅう,https://jisho.org/api/v1/search/words?keyword=来週,['next week']
来年,らいねん,https://jisho.org/api/v1/search/words?keyword=来年,['next year']
ラジオ,ラジオ,https://jisho.org/api/v1/search/words?keyword=ラジオ,['radio']
ラジカセ,ラジカセ,https://jisho.org/api/v1/search/words?keyword=ラジカセ,['radio cassette player']
ラジオカセット,ラジオカセット,https://jisho.org/api/v1/search/words?keyword=ラジオカセット,['radio cassette player']
りっぱ,りっぱ,https://jisho.org/api/v1/search/words?keyword=りっぱ,['splendid']
留学生,りゅうがくせい,https://jisho.org/api/v1/search/words?keyword=留学生,['overseas student']
両親,りょうしん,https://jisho.org/api/v1/search/words?keyword=両親,['both parents']
料理,りょうり,https://jisho.org/api/v1/search/words?keyword=料理,['cuisine']
旅行,りょこう,https://jisho.org/api/v1/search/words?keyword=旅行,['travel']
零,れい,https://jisho.org/api/v1/search/words?keyword=零,['zero']
冷蔵庫,れいぞうこ,https://jisho.org/api/v1/search/words?keyword=冷蔵庫,['refrigerator']
レコード,レコード,https://jisho.org/api/v1/search/words?keyword=レコード,['record']
レストラン,レストラン,https://jisho.org/api/v1/search/words?keyword=レストラン,['restaurant']
練習,れんしゅうする,https://jisho.org/api/v1/search/words?keyword=練習,['to practice']
廊下,ろうか,https://jisho.org/api/v1/search/words?keyword=廊下,['corridor']
六,ろく,https://jisho.org/api/v1/search/words?keyword=六,['six']
ワイシャツ,ワイシャツ,https://jisho.org/api/v1/search/words?keyword=ワイシャツ,['business shirt']
若い,わかい,https://jisho.org/api/v1/search/words?keyword=若い,['young']
分かる,わかる,https://jisho.org/api/v1/search/words?keyword=分かる,['to be understood']
忘れる,わすれる,https://jisho.org/api/v1/search/words?keyword=忘れる,['to forget']
私,わたくし,https://jisho.org/api/v1/search/words?keyword=私,"['I', 'myself']"
私,わたし,https://jisho.org/api/v1/search/words?keyword=私,"['I', 'myself']"
渡す,わたす,https://jisho.org/api/v1/search/words?keyword=渡す,['to hand over']
渡る,わたる,https://jisho.org/api/v1/search/words?keyword=渡る,['to go across']
悪い,わるい,https://jisho.org/api/v1/search/words?keyword=悪い,['bad']
より,より,https://jisho.org/api/v1/search/words?keyword=より,['than']
